{"cameraMode":{"drawMode":0,"name":"Shaded","section":"Shading Mode"},"sceneLighting":false,"audioPlay":false,"sceneViewState":{"showFog":true,"showMaterialUpdate":true,"showSkybox":true,"showFlares":true,"showImageEffects":true,"showParticleSystems":true},"in2DMode":false,"pivot":{"x":439.2110900878906,"y":136.12997436523438,"z":10.40032958984375},"rotation":{"x":0.016808923333883287,"y":-0.0015033598756417633,"z":0.000028450378522393294,"w":0.9998663067817688},"size":1017.6937255859375,"orthographic":false}