{"cameraMode":{"drawMode":0,"name":"Shaded","section":"Shading Mode"},"sceneLighting":false,"audioPlay":false,"sceneViewState":{"showFog":true,"showMaterialUpdate":true,"showSkybox":true,"showFlares":true,"showImageEffects":true,"showParticleSystems":true},"in2DMode":false,"pivot":{"x":781.61962890625,"y":713.9337158203125,"z":92.3818359375},"rotation":{"x":0.040798645466566089,"y":-0.0000037317020087357379,"z":0.0000014056209920454422,"w":0.9991742968559265},"size":1420.9652099609375,"orthographic":false}